compound_name,chembl_id,smiles,true_target_class,chembl_target_id,pchembl_value,standard_type,has_sdf,sdf_file
CHEMBL499069,CHEMBL499069,COc1ccc(-c2c(-c3ccc(S(C)(=O)=O)cc3)[nH]c3ccccc23)cc1,COX,CHEMBL230,10.70,IC50,True,CHEMBL499069.sdf
CHEMBL525247,CHEMBL525247,Cc1ccc2[nH]c(-c3ccc(S(N)(=O)=O)cc3)c(-c3ccccc3)c2c1,COX,CHEMBL230,10.70,IC50,True,CHEMBL525247.sdf
CHEMBL501208,CHEMBL501208,CS(=O)(=O)c1ccc(-c2[nH]c3ccccc3c2-c2ccc(F)cc2)cc1,COX,CHEMBL230,10.70,IC50,True,CHEMBL501208.sdf
CHEMBL502555,CHEMBL502555,Cc1ccc(-c2c(-c3ccc(S(N)(=O)=O)cc3)[nH]c3ccccc23)cc1,COX,CHEMBL230,10.16,IC50,True,CHEMBL502555.sdf
CHEMBL143776,CHEMBL143776,Fc1ccc(-c2[nH]c(-c3ccc(F)cc3)c3c2C2CCC3C2)cc1,COX,CHEMBL230,10.10,IC50,True,CHEMBL143776.sdf
CHEMBL524543,CHEMBL524543,Cc1ccc(-c2c(-c3ccc(S(C)(=O)=O)cc3)[nH]c3ccccc23)cc1,COX,CHEMBL230,10.05,IC50,True,CHEMBL524543.sdf
CHEMBL500936,CHEMBL500936,NS(=O)(=O)c1ccc(-c2[nH]c3ccccc3c2-c2ccccc2)cc1,COX,CHEMBL230,10.05,IC50,True,CHEMBL500936.sdf
THIOSEMICARBAZIDE,CHEMBL256250,NNC(N)=S,COX,CHEMBL230,10.05,IC50,True,CHEMBL256250.sdf
CHEMBL140167,CHEMBL140167,Fc1ccc(-c2[nH]c(-c3ccc(F)cc3)c3c2C2CCC3CC2)cc1,COX,CHEMBL230,9.92,IC50,True,CHEMBL140167.sdf
CHEMBL499349,CHEMBL499349,NS(=O)(=O)c1ccc(-c2[nH]c3ccc(Cl)cc3c2-c2ccccc2)cc1,COX,CHEMBL230,9.85,IC50,True,CHEMBL499349.sdf
INDOMETHACIN,CHEMBL6,COc1ccc2c(c1)c(CC(=O)O)c(C)n2C(=O)c1ccc(Cl)cc1,COX,CHEMBL230,9.85,IC50,True,CHEMBL6.sdf
CHEMBL525021,CHEMBL525021,Cc1ccc(-c2c(-c3ccc(S(C)(=O)=O)cc3)[nH]c3ccccc23)cc1C,COX,CHEMBL230,9.77,IC50,True,CHEMBL525021.sdf
CHEMBL500943,CHEMBL500943,CC(=O)NS(=O)(=O)c1ccc(-c2[nH]c3ccccc3c2-c2ccccc2)cc1,COX,CHEMBL230,9.74,IC50,True,CHEMBL500943.sdf
CHEMBL4582020,CHEMBL4582020,Cc1c(CC(C)C(=O)O)cccc1NC(=O)C(c1ccc(-c2cncc(Cl)c2)cc1)C1CCCC1,COX,CHEMBL230,9.73,IC50,True,CHEMBL4582020.sdf
CHEMBL1957450,CHEMBL1957450,N[C@@H](Cc1c[nH]c2ccccc12)C(=O)N[C@@H](CS)C(=O)N[C@@H](CO)C(=O)O,COX,CHEMBL230,9.72,Kd,True,CHEMBL1957450.sdf
CHEMBL1958349,CHEMBL1958349,CC(C)Cc1ccc(C(C)C(=O)Oc2ccc(CCO)cc2)cc1,COX,CHEMBL230,9.70,IC50,True,CHEMBL1958349.sdf
CHEMBL551829,CHEMBL551829,CS(=O)(=O)c1ccc(-c2cc(C(F)(F)F)nc(NCc3ccccc3)n2)cc1,COX,CHEMBL230,9.60,IC50,True,CHEMBL551829.sdf
CHEMBL551148,CHEMBL551148,CS(=O)(=O)c1ccc(-c2cc(C(F)(F)F)nc(NCc3ccc(F)cc3)n2)cc1,COX,CHEMBL230,9.55,IC50,True,CHEMBL551148.sdf
CHEMBL525250,CHEMBL525250,Cc1ccc2[nH]c(-c3ccc(S(C)(=O)=O)cc3)c(-c3ccccc3)c2c1,COX,CHEMBL230,9.55,IC50,True,CHEMBL525250.sdf
CHEMBL271173,CHEMBL271173,CCOc1cc(NCc2cccs2)nc(-c2ccc(S(C)(=O)=O)cc2)n1,COX,CHEMBL230,9.52,IC50,True,CHEMBL271173.sdf
CHEMBL5270693,CHEMBL5270693,COc1cc(N2CCC(N(C)C)CC2)ccc1Nc1ncc(C(=O)Oc2ccccc2)c(-c2c[nH]c3ccccc23)n1,kinase,CHEMBL203,11.00,IC50,True,CHEMBL5270693.sdf
CHEMBL176582,CHEMBL176582,Cn1cnc2cc3ncnc(Nc4cccc(Br)c4)c3cc21,kinase,CHEMBL203,11.00,IC50,True,CHEMBL176582.sdf
MOBOCERTINIB,CHEMBL4650319,C=CC(=O)Nc1cc(Nc2ncc(C(=O)OC(C)C)c(-c3cn(C)c4ccccc34)n2)c(OC)cc1N(C)CCN(C)C,kinase,CHEMBL203,11.00,IC50,True,CHEMBL4650319.sdf
CHEMBL5790648,CHEMBL5790648,COc1cc2ncnc(Nc3cccc(Cl)c3F)c2cc1N1CC2(CN(C)C2)OC1=O,kinase,CHEMBL203,10.80,IC50,True,CHEMBL5790648.sdf
CHEMBL5746224,CHEMBL5746224,CN1CCC2(CC1)CN(c1ccc3ncnc(Nc4cccc(Cl)c4F)c3c1)C(=O)O2,kinase,CHEMBL203,10.77,IC50,True,CHEMBL5746224.sdf
CHEMBL4537790,CHEMBL4537790,Cc1cc2cc(n1)-c1cnn(C)c1OCCC[C@@H](C)CN1/C(=N/C2=O)Nc2ccc(CN3CCN(C)CC3)cc21,kinase,CHEMBL203,10.70,IC50,True,CHEMBL4537790.sdf
NERATINIB,CHEMBL180022,CCOc1cc2ncc(C#N)c(Nc3ccc(OCc4ccccn4)c(Cl)c3)c2cc1NC(=O)/C=C/CN(C)C,kinase,CHEMBL203,10.70,IC50,True,CHEMBL180022.sdf
CHEMBL5997498,CHEMBL5997498,COc1cc2ncnc(Nc3cccc(Cl)c3F)c2cc1N1CC2(CCN(C)CC2)OC1=O,kinase,CHEMBL203,10.70,IC50,True,CHEMBL5997498.sdf
OSIMERTINIB,CHEMBL3353410,C=CC(=O)Nc1cc(Nc2nccc(-c3cn(C)c4ccccc34)n2)c(OC)cc1N(C)CCN(C)C,kinase,CHEMBL203,10.70,IC50,True,CHEMBL3353410.sdf
CHEMBL6054692,CHEMBL6054692,CCCN1CC2(C1)CN(c1cc3c(Nc4cccc(Cl)c4F)ncnc3cc1OC)C(=O)O2,kinase,CHEMBL203,10.68,IC50,True,CHEMBL6054692.sdf
CHEMBL5968640,CHEMBL5968640,CCN1CC2(C1)CN(c1cc3c(Nc4cccc(Cl)c4F)ncnc3cc1OC)C(=O)O2,kinase,CHEMBL203,10.66,IC50,True,CHEMBL5968640.sdf
CHEMBL29197,CHEMBL29197,COc1cc2ncnc(Nc3cccc(Br)c3)c2cc1OC,kinase,CHEMBL203,10.60,IC50,True,CHEMBL29197.sdf
CHEMBL174426,CHEMBL174426,Cn1cnc2cc3c(Nc4cccc(Br)c4)ncnc3cc21,kinase,CHEMBL203,10.60,IC50,True,CHEMBL174426.sdf
CHEMBL5288888,CHEMBL5288888,C=CC(=O)N1CCC(Oc2cc3c(Nc4cccc(Cl)c4F)ncnc3cc2O[C@H]2CCOC2)CC1,kinase,CHEMBL203,10.57,IC50,True,CHEMBL5288888.sdf
ERLOTINIB,CHEMBL553,C#Cc1cccc(Nc2ncnc3cc(OCCOC)c(OCCOC)cc23)c1,kinase,CHEMBL203,10.54,IC50,True,CHEMBL553.sdf
CHEMBL1243316,CHEMBL1243316,C#CCNC/C=C/C(=O)Nc1cc2c(Nc3ccc(F)c(Cl)c3)c(C#N)cnc2cc1OCC,kinase,CHEMBL203,10.52,IC50,True,CHEMBL1243316.sdf
CHEMBL4100860,CHEMBL4100860,C=CC(=O)Nc1ccc(OC)c(Nc2cc(-c3[nH]c(CCCO)nc3-c3ccc(F)cc3)ccn2)c1,kinase,CHEMBL203,10.52,Ki,True,CHEMBL4100860.sdf
CHEMBL5594833,CHEMBL5594833,Cc1cc(Nc2ncc(Cl)c(Nc3ccccc3NS(=O)(=O)C3CC3)n2)ccc1N1CCC(N(C)C)CC1,kinase,CHEMBL203,10.52,IC50,True,CHEMBL5594833.sdf
CHEMBL5805801,CHEMBL5805801,C=CC(=O)Nc1cccc(Nc2nc(Nc3ccc(N4CCN(CC)CC4)cc3)ncc2C(F)(F)F)c1,kinase,CHEMBL203,10.43,Kd,True,CHEMBL5805801.sdf
CHEMBL3613702,CHEMBL3613702,C=CC(=O)Nc1ccc2ncnc(Nc3cc(F)c(Cl)c(Cl)c3)c2c1,kinase,CHEMBL203,10.43,IC50,True,CHEMBL3613702.sdf
CHEMBL2012522,CHEMBL2012522,CC(C)(Cc1ccc(Oc2ccc(C(N)=O)cn2)cc1)NC[C@H](O)COc1cccc2[nH]c3ccccc3c12.O=C(O)CCC(=O)O,GPCR,CHEMBL210,10.92,Ki,True,CHEMBL2012522.sdf
CHEMBL6067690,CHEMBL6067690,CN1CCC[C@@H](OC(=O)[C@](O)(c2ccccc2)c2cccc(OCCCNC(=O)c3ccc(CNC[C@H](O)c4ccc(O)c5[nH]c(=O)ccc45)c(F)c3)c2)C1.O=CO,GPCR,CHEMBL210,10.90,Ki,True,CHEMBL6067690.sdf
CHEMBL5517637,CHEMBL5517637,O=C(N[C@@H](c1ccccc1)c1cccc(OCc2cccc(C(=O)NCCCCNC[C@H](O)c3ccc(O)c4[nH]c(=O)ccc34)c2)c1)O[C@H]1CN2CCC1CC2,GPCR,CHEMBL210,10.90,Ki,True,CHEMBL5517637.sdf
CHEMBL5550055,CHEMBL5550055,O=C(N[C@@H](c1ccccc1)c1cccc(OCc2ccc(C(=O)NCCCNC[C@H](O)c3ccc(O)c4[nH]c(=O)ccc34)cc2)c1)O[C@@H]1CN2CCC1CC2,GPCR,CHEMBL210,10.90,Ki,True,CHEMBL5550055.sdf
CHEMBL4871517,CHEMBL4871517,O=C(N[C@@H](c1ccccc1)c1ccc(-c2cccc(OCc3ccc(C(=O)NCCCNC[C@H](O)c4ccc(O)c5[nH]c(=O)ccc45)cc3)c2)cc1)O[C@H]1CN2CCC1CC2,GPCR,CHEMBL210,10.90,Ki,True,CHEMBL4871517.sdf
CHEMBL5505762,CHEMBL5505762,COc1cc(C(=O)NCCCOc2cccc([C@](O)(C(=O)O[C@@H]3CCCN(C)C3)c3ccccc3)c2)c(F)cc1CNC[C@H](O)c1ccc(O)c2[nH]c(=O)ccc12,GPCR,CHEMBL210,10.80,Ki,True,CHEMBL5505762.sdf
CHEMBL5555464,CHEMBL5555464,COc1cc(C(=O)NCCCOc2cccc([C@](O)(C(=O)O[C@@H]3CCCN(C)C3)c3ccccc3)c2)ccc1CNC[C@H](O)c1ccc(O)c2[nH]c(=O)ccc12,GPCR,CHEMBL210,10.80,Ki,True,CHEMBL5555464.sdf
CHEMBL5559271,CHEMBL5559271,Cc1cc(C(=O)NCCCOc2cccc([C@](O)(C(=O)O[C@@H]3CCCN(C)C3)c3ccccc3)c2)c(C)cc1CNC[C@H](O)c1ccc(O)c2[nH]c(=O)ccc12,GPCR,CHEMBL210,10.80,Ki,True,CHEMBL5559271.sdf
CHEMBL4863525,CHEMBL4863525,O=C(NC(c1ccccc1)c1cccc(OCCCCCCNC[C@H](O)c2ccc(O)c3[nH]c(=O)ccc23)c1)O[C@H]1CN2CCC1CC2,GPCR,CHEMBL210,10.80,Ki,True,CHEMBL4863525.sdf
CHEMBL5558368,CHEMBL5558368,O=C(NCCCNC[C@H](O)c1ccc(O)c2[nH]c(=O)ccc12)c1ccc(COc2cccc([C@](O)(C(=O)OCC3CCN(Cc4ccccc4)CC3)c3ccccc3)c2)cc1,GPCR,CHEMBL210,10.70,Ki,True,CHEMBL5558368.sdf
CHEMBL5558825,CHEMBL5558825,O=C(NCCCOc1cccc([C@](O)(C(=O)OCC2CCN(C3CCCC3)CC2)c2ccccc2)c1)c1ccc(CNC[C@H](O)c2ccc(O)c3[nH]c(=O)ccc23)cc1,GPCR,CHEMBL210,10.70,Ki,True,CHEMBL5558825.sdf
CHEMBL5184455,CHEMBL5184455,O=C(N[C@@H](c1ccccc1)c1cccc(OCc2ccc(C(=O)OCCCCNC[C@H](O)c3ccc(O)c4[nH]c(=O)ccc34)cc2)c1)O[C@H]1CN2CCC1CC2,GPCR,CHEMBL210,10.70,Ki,True,CHEMBL5184455.sdf
CHEMBL5523404,CHEMBL5523404,CN1CCC[C@H](OC(=O)[C@](O)(c2ccccc2)c2cccc(OCCCNC(=O)c3ccc(CNC[C@H](O)c4ccc(O)c5[nH]c(=O)ccc45)cc3)c2)C1.O=CO.O=CO,GPCR,CHEMBL210,10.60,Ki,True,CHEMBL5523404.sdf
CHEMBL4874819,CHEMBL4874819,O=C(NC(c1ccccc1)c1cccc(OCCCCCNC[C@H](O)c2ccc(O)c3[nH]c(=O)ccc23)c1)O[C@H]1CN2CCC1CC2,GPCR,CHEMBL210,10.60,Ki,True,CHEMBL4874819.sdf
CHEMBL5555388,CHEMBL5555388,COc1cc(C(=O)NCCCOc2cccc([C@](O)(C(=O)O[C@@H]3CCCN(C)C3)c3ccccc3)c2)c(Cl)cc1CNC[C@H](O)c1ccc(O)c2[nH]c(=O)ccc12,GPCR,CHEMBL210,10.60,Ki,True,CHEMBL5555388.sdf
CHEMBL5555669,CHEMBL5555669,O=C(NCCCOc1cccc([C@](O)(C(=O)OCC2CCN(C3CCC3)CC2)c2ccccc2)c1)c1ccc(CNC[C@H](O)c2ccc(O)c3[nH]c(=O)ccc23)cc1,GPCR,CHEMBL210,10.60,Ki,True,CHEMBL5555669.sdf
CHEMBL5532029,CHEMBL5532029,CN1CCC[C@@H](OC(=O)[C@](O)(c2ccccc2)c2cccc(OCCCNC(=O)c3ccc(CNC[C@H](O)c4ccc(O)c5[nH]c(=O)ccc45)cc3)c2)C1,GPCR,CHEMBL210,10.60,Ki,True,CHEMBL5532029.sdf
CHEMBL5517803,CHEMBL5517803,CN1CCC[C@@H](OC(=O)[C@](O)(c2ccccc2)c2cccc(OCCCNC(=O)c3cnc(CNC[C@H](O)c4ccc(O)c5[nH]c(=O)ccc45)nc3)c2)C1.O=CO,GPCR,CHEMBL210,10.60,Ki,True,CHEMBL5517803.sdf
CHEMBL5557509,CHEMBL5557509,CN1CCC[C@@H](OC(=O)[C@](O)(c2ccccc2)c2cccc(OCCCNC(=O)c3ccc(CNC[C@H](O)c4ccc(O)c5[nH]c(=O)ccc45)nc3)c2)C1.O=CO.O=CO,GPCR,CHEMBL210,10.60,Ki,True,CHEMBL5557509.sdf
CHEMBL5200887,CHEMBL5200887,COc1cc(C(=O)OCCCCNC[C@H](O)c2ccc(O)c3[nH]c(=O)ccc23)ccc1COc1cccc([C@@H](NC(=O)O[C@H]2CN3CCC2CC3)c2ccccc2)c1,GPCR,CHEMBL210,10.60,Ki,True,CHEMBL5200887.sdf
CHEMBL121212,CHEMBL121212,N=C(N)c1ccc(CNC(=O)[C@@H]2CCCN2C(=O)[C@H](NS(N)(=O)=O)C(c2ccccc2)c2ccccc2)c(F)c1,serine protease,CHEMBL204,11.00,Ki,True,CHEMBL121212.sdf
CHEMBL120079,CHEMBL120079,N=C(N)c1ccc(CNC(=O)[C@@H]2CCCN2C(=O)[C@H](NCCC(=O)O)C(c2ccccc2)c2ccccc2)s1,serine protease,CHEMBL204,11.00,Ki,True,CHEMBL120079.sdf
CHEMBL4108739,CHEMBL4108739,COc1cc(C(=O)N2CC(C)(CCO)OC[C@H]2C)cc2nc(N[C@@H](CF)c3cccc(Cl)c3)oc12,serine protease,CHEMBL204,11.00,IC50,True,CHEMBL4108739.sdf
CHEMBL285285,CHEMBL285285,CC1(C)C2CC1[C@]1(C)OB(C(Cc3ccccc3)NC(=O)[C@@H]3CCCN3C(=O)[C@H](Cc3ccccc3)NC(=O)OCc3ccccc3)O[C@@H]1C2,serine protease,CHEMBL204,10.96,Ki,True,CHEMBL285285.sdf
CHEMBL323583,CHEMBL323583,O=C(Cn1ccnc(NCC(F)(F)c2cccc[n+]2[O-])c1=O)NCc1cc(Cl)ccc1-n1cnnn1,serine protease,CHEMBL204,10.89,Ki,True,CHEMBL323583.sdf
CHEMBL330949,CHEMBL330949,N=C(N)c1ccc(CNC(=O)[C@@H]2CCCN2C(=O)[C@H](NCC(=O)O)C(c2ccccc2)c2ccccc2)cc1,serine protease,CHEMBL204,10.89,Ki,True,CHEMBL330949.sdf
CHEMBL420540,CHEMBL420540,N=C(N)c1ccc(CNC(=O)[C@@H]2CCCN2C(=O)[C@H](NCC(=O)O)C(c2ccccc2)c2ccccc2)s1,serine protease,CHEMBL204,10.82,Ki,True,CHEMBL420540.sdf
CHEMBL1682691,CHEMBL1682691,Cc1cnc(NCCc2ccccn2)c(=O)n1CC(=O)NCc1cc(Cl)ccc1OCC(=O)NC1CC1,serine protease,CHEMBL204,10.82,Ki,True,CHEMBL1682691.sdf
CHEMBL124300,CHEMBL124300,N=C(N)c1ccc(CNC(=O)[C@@H]2CCCN2C(=O)[C@H](NS(N)(=O)=O)C(c2ccccc2)c2ccccc2)cn1,serine protease,CHEMBL204,10.82,Ki,True,CHEMBL124300.sdf
CHEMBL119877,CHEMBL119877,COC(=O)N[C@@H](C(=O)N1CCC[C@H]1C(=O)NCc1ccc(C(=N)N)s1)C(c1ccccc1)c1ccccc1,serine protease,CHEMBL204,10.82,Ki,True,CHEMBL119877.sdf
CHEMBL1159688,CHEMBL1159688,N=C(N)c1ccc(CNC(=O)[C@@H]2CCCN2C(=O)[C@H](NCC(=O)O)C(c2ccccc2)c2ccccc2)cc1.O=C(O)C(F)(F)F,serine protease,CHEMBL204,10.82,Ki,True,CHEMBL1159688.sdf
CHEMBL331571,CHEMBL331571,COC(=O)N[C@@H](C(=O)N1CCC[C@H]1C(=O)NCc1ccc(C(=N)N)nc1)C(c1ccccc1)c1ccccc1,serine protease,CHEMBL204,10.77,Ki,True,CHEMBL331571.sdf
CHEMBL103874,CHEMBL103874,Cc1ccc(NS(=O)(=O)Cc2ccccc2)c(=O)n1CC(=O)NCc1cc(Cl)ccc1-n1cnnn1,serine protease,CHEMBL204,10.74,Ki,True,CHEMBL103874.sdf
CHEMBL353760,CHEMBL353760,CN[C@H](CC1CCCCC1)C(=O)N1CCC[C@H]1C(=O)N[C@@H](CCCN=C(N)N)C(=O)c1nc2ccccc2s1,serine protease,CHEMBL204,10.74,Ki,True,CHEMBL353760.sdf
CHEMBL291026,CHEMBL291026,CCCCCC(NC(=O)[C@@H]1CCCN1C(=O)[C@H](Cc1ccccc1)NC(=O)OCc1ccccc1)B1O[C@@H]2CC3CC(C3(C)C)[C@]2(C)O1,serine protease,CHEMBL204,10.72,Ki,True,CHEMBL291026.sdf
CHEMBL122410,CHEMBL122410,N=C(N)c1csc(CNC(=O)[C@@H]2CCCN2C(=O)[C@H](NS(N)(=O)=O)C(c2ccccc2)c2ccccc2)c1,serine protease,CHEMBL204,10.70,Ki,True,CHEMBL122410.sdf
CHEMBL92615,CHEMBL92615,CN1CCCCCOc2ccc(Cl)cc2CNC(=O)Cn2c(Cl)cnc(c2=O)N[C@@H](Cc2ccccc2)C1,serine protease,CHEMBL204,10.70,Ki,True,CHEMBL92615.sdf
CHEMBL2419745,CHEMBL2419745,N=C(N)c1ccc(CNC(=O)[C@@H]2CCCN2C(=O)[C@@H](NCC(=O)O)C(c2ccccc2)c2ccccc2)s1,serine protease,CHEMBL204,10.70,Ki,True,CHEMBL2419745.sdf
CHEMBL7860,CHEMBL7860,CS(=O)(=O)N[C@H](CC1CCCCC1)C(=O)N1CCC[C@H]1C(=O)NCc1ccc(C(=N)N)cc1,serine protease,CHEMBL204,10.70,Ki,True,CHEMBL7860.sdf
CHEMBL120308,CHEMBL120308,N=C(N)c1cc(CNC(=O)[C@@H]2CCCN2C(=O)[C@H](NS(N)(=O)=O)C(c2ccccc2)c2ccccc2)co1,serine protease,CHEMBL204,10.70,Ki,True,CHEMBL120308.sdf
CHEMBL180681,CHEMBL180681,Cc1cc(N2C(=O)[C@@H]3C4C=CC(CC4)[C@@H]3C2=O)ccc1Br,nuclear receptor,CHEMBL1871,11.00,Ki,True,CHEMBL180681.sdf
METRIBOLONE,CHEMBL166444,C[C@]1(O)CC[C@H]2[C@@H]3CCC4=CC(=O)CCC4=C3C=C[C@@]21C,nuclear receptor,CHEMBL1871,10.89,EC50,True,CHEMBL166444.sdf
CHEMBL3818706,CHEMBL3818706,Cc1c(C(O)(C2CC2)C(F)(F)F)ccc(C#N)c1C(F)(F)F,nuclear receptor,CHEMBL1871,10.50,EC50,True,CHEMBL3818706.sdf
CHEMBL3238292,CHEMBL3238292,C[C@](O)(COc1ccc(C#N)cc1F)C(=O)N1CCc2c(C#N)cccc21,nuclear receptor,CHEMBL1871,10.41,EC50,True,CHEMBL3238292.sdf
CHEMBL3765171,CHEMBL3765171,Cc1c(N[C@@H]2CCC[C@]2(C)O)ccc(C#N)c1Cl,nuclear receptor,CHEMBL1871,10.40,EC50,True,CHEMBL3765171.sdf
STANOLONE,CHEMBL27769,C[C@]12CCC(=O)C[C@@H]1CC[C@@H]1[C@@H]2CC[C@]2(C)[C@@H](O)CC[C@@H]12,nuclear receptor,CHEMBL1871,10.30,IC50,True,CHEMBL27769.sdf
CHEMBL3238291,CHEMBL3238291,C[C@](O)(COc1ccc(C#N)cc1Br)C(=O)N1CCc2c(C#N)cccc21,nuclear receptor,CHEMBL1871,10.22,EC50,True,CHEMBL3238291.sdf
CHEMBL3238288,CHEMBL3238288,C[C@](O)(COc1ccc(F)cc1C#N)C(=O)N1CCc2c(C#N)cccc21,nuclear receptor,CHEMBL1871,10.13,EC50,True,CHEMBL3238288.sdf
CHEMBL184313,CHEMBL184313,CCCCC[C@H]1C[C@@]2(C)C(CC[C@@H]2O)C2CCC3=CC(=O)CCC3=C21,nuclear receptor,CHEMBL1871,10.00,IC50,True,CHEMBL184313.sdf
CHEMBL2323490,CHEMBL2323490,COc1ccc2c(c1)c(CC(=O)NS(=O)(=O)C(F)(F)F)cn2C(=O)c1ccc(Cl)cc1,nuclear receptor,CHEMBL1871,10.00,EC50,True,CHEMBL2323490.sdf
CHEMBL3233072,CHEMBL3233072,C[C@](O)(COc1ccc(Br)cc1F)C(=O)N1CCc2c(C#N)cccc21,nuclear receptor,CHEMBL1871,9.96,EC50,True,CHEMBL3233072.sdf
CHEMBL2323511,CHEMBL2323511,COc1ccc2c(c1)c(C)c(CCC(=O)NS(C)(=O)=O)n2C(=O)c1ccc(Cl)cc1,nuclear receptor,CHEMBL1871,9.85,EC50,True,CHEMBL2323511.sdf
CHEMBL4095364,CHEMBL4095364,Cn1c(C#N)ccc1-c1c(F)cc(O)cc1F,nuclear receptor,CHEMBL1871,9.85,EC50,True,CHEMBL4095364.sdf
CHEMBL2323507,CHEMBL2323507,COc1ccc2c(c1)c(C)c(CCC(=O)O)n2C(=O)c1ccc(Cl)cc1,nuclear receptor,CHEMBL1871,9.82,EC50,True,CHEMBL2323507.sdf
CHEMBL3238287,CHEMBL3238287,C[C@](O)(COc1ccccc1C#N)C(=O)N1CCc2c(C#N)cccc21,nuclear receptor,CHEMBL1871,9.82,EC50,True,CHEMBL3238287.sdf
CHEMBL3819048,CHEMBL3819048,N#Cc1ccc(C(O)(C2CC2)C(F)(F)F)cc1C(F)(F)F,nuclear receptor,CHEMBL1871,9.80,EC50,True,CHEMBL3819048.sdf
CHEMBL3326461,CHEMBL3326461,CO[C@@H]1C(c2ccc(C#N)c(Cl)c2C)=NN2CC[C@@H](F)[C@@H]12,nuclear receptor,CHEMBL1871,9.80,EC50,True,CHEMBL3326461.sdf
CHEMBL4074555,CHEMBL4074555,Cn1c(C#N)ccc1-c1c(Cl)cc(O)cc1Cl,nuclear receptor,CHEMBL1871,9.77,EC50,True,CHEMBL4074555.sdf
CHEMBL4090028,CHEMBL4090028,Cc1c(N2CC[C@H](O)[C@@H]2C)ccc(C#N)c1Cl,nuclear receptor,CHEMBL1871,9.72,EC50,True,CHEMBL4090028.sdf
CHEMBL3402221,CHEMBL3402221,C[C@H]1CCCN1c1ccc(C#N)c2ccccc12,nuclear receptor,CHEMBL1871,9.72,EC50,True,CHEMBL3402221.sdf
QUISINOSTAT,CHEMBL2105763,Cn1cc(CNCC2CCN(c3ncc(C(=O)NO)cn3)CC2)c2ccccc21,HDAC,CHEMBL325,10.52,Ki,True,CHEMBL2105763.sdf
APICIDIN,CHEMBL430060,CCC(=O)CCCCC[C@@H]1NC(=O)[C@H]2CCCCN2C(=O)[C@H]([C@@H](C)CC)NC(=O)[C@H](Cc2cn(OC)c3ccccc23)NC1=O,HDAC,CHEMBL325,10.40,Ki,True,CHEMBL430060.sdf
CHEMBL4861467,CHEMBL4861467,CCC(=O)CCCCC[C@H](NC(=O)[C@H]1CC12CCN(CC1CC1)CC2)c1ncc(-c2cc3cccnc3cc2OC)[nH]1,HDAC,CHEMBL325,10.30,IC50,True,CHEMBL4861467.sdf
CHEMBL4250302,CHEMBL4250302,COc1ccc(Nc2c(NC(C)(C)CCCCC(=O)NO)c(=O)c2=O)cc1,HDAC,CHEMBL325,10.25,Ki,True,CHEMBL4250302.sdf
CHEMBL4239232,CHEMBL4239232,Cc1ccc(Nc2c(NCCCCCC(=O)NO)c(=O)c2=O)cc1,HDAC,CHEMBL325,10.24,Ki,True,CHEMBL4239232.sdf
CHEMBL4237636,CHEMBL4237636,COc1ccc(Nc2c(NC3(CCCCC(=O)NO)CCC3)c(=O)c2=O)cc1,HDAC,CHEMBL325,10.20,Ki,True,CHEMBL4237636.sdf
CHEMBL4237803,CHEMBL4237803,COc1ccc(Nc2c(NCCCCCC(=O)NO)c(=O)c2=O)cc1,HDAC,CHEMBL325,10.12,Ki,True,CHEMBL4237803.sdf
CHEMBL4641682,CHEMBL4641682,CN1CC(C(=O)N[C@@H](CCCCCC(=O)c2ccon2)c2ncc(-c3ccccc3F)[nH]2)C1,HDAC,CHEMBL325,10.10,IC50,True,CHEMBL4641682.sdf
CHEMBL6133082,CHEMBL6133082,O=C(CCCCCCCC(=O)N[C@@H]1C[C@H]1c1ccccc1)NO,HDAC,CHEMBL325,10.09,IC50,True,CHEMBL6133082.sdf
CHEMBL4649205,CHEMBL4649205,CCC(=O)CCCCC[C@H](NC(=O)[C@H]1CC12CCN(CC1CC1)CC2)c1ncc(-c2cc3ccccc3nc2OC)[nH]1,HDAC,CHEMBL325,10.07,IC50,True,CHEMBL4649205.sdf
CHEMBL4251203,CHEMBL4251203,Cc1ccc(Nc2c(NC(C)CCCCC(=O)NO)c(=O)c2=O)cc1,HDAC,CHEMBL325,10.01,Ki,True,CHEMBL4251203.sdf
CHEMBL6145619,CHEMBL6145619,O=C(CCCCCCC(=O)N[C@@H]1C[C@H]1c1ccccc1)NO,HDAC,CHEMBL325,9.98,IC50,True,CHEMBL6145619.sdf
CHEMBL4876610,CHEMBL4876610,CCC(=O)CCCCC[C@@H]1NC(=O)[C@H]2CC23CCN(CCCOCCn2ccc4cc(ccc4c2=O)-c2cnc1[nH]2)CC3,HDAC,CHEMBL325,9.96,IC50,True,CHEMBL4876610.sdf
CHEMBL4568666,CHEMBL4568666,O=C1C[C@H]2CCCN2C(=O)[C@H](Cc2ccccc2)NC(=O)[C@H](Cc2ccccc2)NC(=O)[C@H](CCCCCC(=O)[C@@H]2CO2)N1,HDAC,CHEMBL325,9.96,IC50,True,CHEMBL4568666.sdf
TRAPOXIN B,CHEMBL2000089,O=C1N[C@@H](Cc2ccccc2)C(=O)N2CCC[C@@H]2C(=O)N[C@@H](CCCCCC(=O)[C@@H]2CO2)C(=O)N[C@H]1Cc1ccccc1,HDAC,CHEMBL325,9.96,IC50,True,CHEMBL2000089.sdf
CHEMBL4644038,CHEMBL4644038,CCC(=O)CCCCC[C@H](NC(=O)[C@H]1CC12CCN(C(C)C)CC2)c1ncc(-c2cc3ccccc3nc2OC)[nH]1,HDAC,CHEMBL325,9.96,IC50,True,CHEMBL4644038.sdf
CHEMBL4878197,CHEMBL4878197,CCC(=O)CCCCC[C@@H]1NC(=O)[C@H]2CC23CCN(CCCCCCCCn2ccc4cc(c(OC)cc4c2=O)-c2cnc1[nH]2)CC3,HDAC,CHEMBL325,9.96,IC50,True,CHEMBL4878197.sdf
CHEMBL6169315,CHEMBL6169315,O=C(/C=C/c1ccc(S(=O)(=O)N[C@@H]2C[C@H]2c2ccccc2)cc1)NO,HDAC,CHEMBL325,9.94,IC50,True,CHEMBL6169315.sdf
FR-135313,CHEMBL146250,C/C=C1\NC(=O)[C@@H](CS)NC(=O)[C@@H](C(C)C)NC(=O)C[C@@H](/C=C/CCS)OC(=O)[C@H](C(C)C)NC1=O,HDAC,CHEMBL325,9.92,IC50,True,CHEMBL146250.sdf
CHEMBL6174035,CHEMBL6174035,O=C(/C=C/c1cccc(S(=O)(=O)N[C@@H]2C[C@H]2c2ccccc2)c1)NO,HDAC,CHEMBL325,9.90,IC50,True,CHEMBL6174035.sdf
CHEMBL1090577,CHEMBL1090577,S=c1sc2c(ncn3nc(-c4ccco4)nc23)n1-c1ccc(Cl)cc1,adenosine receptor,CHEMBL226,10.52,Ki,True,CHEMBL1090577.sdf
CHEMBL5177144,CHEMBL5177144,N#CC1=C(N)Cc2nc(-c3ccco3)nn2C1=O,adenosine receptor,CHEMBL226,10.29,Ki,True,CHEMBL5177144.sdf
CHEMBL5171044,CHEMBL5171044,N#CC1=C(N)Cc2nc(-c3ccccc3)nn2C1=O,adenosine receptor,CHEMBL226,10.12,Ki,True,CHEMBL5171044.sdf
CHEMBL1093271,CHEMBL1093271,CCn1c(=S)sc2c1ncn1nc(-c3ccco3)nc21,adenosine receptor,CHEMBL226,10.02,Ki,True,CHEMBL1093271.sdf
CHEMBL369573,CHEMBL369573,Nc1nc(-c2ccccc2)c2c(n1)-c1ccccc1C2=O,adenosine receptor,CHEMBL226,10.00,Ki,True,CHEMBL369573.sdf
CHEMBL5957422,CHEMBL5957422,CC(C)n1cc(-c2c(-c3ccc(F)cc3)nc(N)n3nc(Cc4ncccc4F)nc23)ccc1=O,adenosine receptor,CHEMBL226,10.00,IC50,True,CHEMBL5957422.sdf
CHEMBL2419137,CHEMBL2419137,CCCCn1c(/N=C/c2ccc(Br)cc2)c(C#N)sc1=S,adenosine receptor,CHEMBL226,10.00,Ki,True,CHEMBL2419137.sdf
CHEMBL2024114,CHEMBL2024114,Nc1nnc(-c2ccc(O)c(Cl)c2)c(-c2ccccc2)n1,adenosine receptor,CHEMBL226,9.84,Ki,True,CHEMBL2024114.sdf
CHEMBL3317576,CHEMBL3317576,COc1cccc(CCCc2nc(N)c3nn(-c4ccccc4)cc3n2)c1,adenosine receptor,CHEMBL226,9.82,Ki,True,CHEMBL3317576.sdf
CHEMBL97760,CHEMBL97760,Oc1cc(-c2ccccc2)nc2nc(Cl)ccc12,adenosine receptor,CHEMBL226,9.80,Ki,True,CHEMBL97760.sdf
XANTHINE AMINE CONGENER,CHEMBL273094,CCCn1c(=O)c2[nH]c(-c3ccc(OCC(=O)NCCN)cc3)nc2n(CCC)c1=O,adenosine receptor,CHEMBL226,9.77,Kd,True,CHEMBL273094.sdf
CHEMBL1090578,CHEMBL1090578,S=c1sc2c(ncn3nc(-c4ccco4)nc23)n1-c1cccc(Cl)c1,adenosine receptor,CHEMBL226,9.72,Ki,True,CHEMBL1090578.sdf
CHEMBL5756623,CHEMBL5756623,Cn1cc(-c2c(-c3ccc(F)cc3)nc(N)n3nc(Cc4c(F)cccc4F)nc23)ccc1=O,adenosine receptor,CHEMBL226,9.70,IC50,True,CHEMBL5756623.sdf
CHEMBL3317579,CHEMBL3317579,Nc1nc(CCCc2cccc(O)c2)nc2cn(-c3ccccc3)nc12,adenosine receptor,CHEMBL226,9.66,Ki,True,CHEMBL3317579.sdf
CHEMBL3917647,CHEMBL3917647,Nc1nc(NCCc2cccc(O)c2)nc2sc(-c3ccco3)nc12,adenosine receptor,CHEMBL226,9.64,Ki,True,CHEMBL3917647.sdf
CHEMBL321218,CHEMBL321218,CCCn1c(=O)c2nc(C3CCCC3)[nH]c2n(CCCNC(=O)c2ccc(S(=O)(=O)F)cc2)c1=O,adenosine receptor,CHEMBL226,9.62,Kd,True,CHEMBL321218.sdf
CHEMBL2419150,CHEMBL2419150,N#Cc1sc(=S)n(CCc2ccccc2)c1/N=C/c1ccc(Br)cc1,adenosine receptor,CHEMBL226,9.60,Ki,True,CHEMBL2419150.sdf
CHEMBL144360,CHEMBL144360,CCCn1c(=O)c2nc(C3CCCCC3)[nH]c2n(CCCNC(=O)c2ccc(S(=O)(=O)F)cc2)c1=O,adenosine receptor,CHEMBL226,9.57,Kd,True,CHEMBL144360.sdf
CHEMBL207824,CHEMBL207824,c1ccc(-c2nc(-c3ccccc3)c3nc(C4CCCC4)nc-3[nH]2)cc1,adenosine receptor,CHEMBL226,9.54,Ki,True,CHEMBL207824.sdf
CHEMBL5075285,CHEMBL5075285,CCCn1c(=O)c2[nH]c(C34CCC(C(=O)NCCNC(=O)CCNC(=O)CCNC(=O)CCCCCNC(=O)COc5ccc(/C=C/C6=[N+]7C(=Cc8ccc(-c9cccs9)n8[B-]7(F)F)C=C6)cc5)(CC3)CC4)nc2n(CCC)c1=O,adenosine receptor,CHEMBL226,9.54,Ki,True,CHEMBL5075285.sdf
CHEMBL3608881,CHEMBL3608881,Cc1ccc(-c2cnc(C(=O)N3CCCC3)o2)cc1S(N)(=O)=O,carbonic anhydrase,CHEMBL205,11.00,Ki,True,CHEMBL3608881.sdf
CHEMBL3608883,CHEMBL3608883,COc1ccc(-c2cnc(C(=O)N3CCCC3)o2)cc1S(N)(=O)=O,carbonic anhydrase,CHEMBL205,11.00,Ki,True,CHEMBL3608883.sdf
CHEMBL3608888,CHEMBL3608888,NS(=O)(=O)c1ccc(-c2cnc(C(=O)N3CCCC3)o2)s1,carbonic anhydrase,CHEMBL205,11.00,Ki,True,CHEMBL3608888.sdf
CHEMBL4451500,CHEMBL4451500,CCCCNC(=O)c1cc(S(N)(=O)=O)c(Cl)cc1SC1CCCCC1,carbonic anhydrase,CHEMBL205,11.00,Kd,True,CHEMBL4451500.sdf
CHEMBL3608890,CHEMBL3608890,Cc1ncc(-c2csc(S(N)(=O)=O)c2)o1,carbonic anhydrase,CHEMBL205,11.00,Ki,True,CHEMBL3608890.sdf
CHEMBL3608871,CHEMBL3608871,NS(=O)(=O)c1ccc(-c2cnc(C3CC3)o2)cc1,carbonic anhydrase,CHEMBL205,11.00,Ki,True,CHEMBL3608871.sdf
CHEMBL3608887,CHEMBL3608887,NS(=O)(=O)c1ccc(-c2cnc(C3CCC3)o2)s1,carbonic anhydrase,CHEMBL205,11.00,Ki,True,CHEMBL3608887.sdf
CHEMBL3608892,CHEMBL3608892,NS(=O)(=O)c1cc(-c2cnc(C3CCC3)o2)cs1,carbonic anhydrase,CHEMBL205,11.00,Ki,True,CHEMBL3608892.sdf
CHEMBL4461481,CHEMBL4461481,Cc1cc(C)n(NC(=O)C2CC(=O)N(c3cc(C)c(S(N)(=O)=O)c(C)c3Cl)C2)n1,carbonic anhydrase,CHEMBL205,10.96,Kd,True,CHEMBL4461481.sdf
CHEMBL4176862,CHEMBL4176862,NS(=O)(=O)c1cc(C(=O)NCc2ccccc2)c(NCc2ccccc2)cc1Cl,carbonic anhydrase,CHEMBL205,10.96,Kd,True,CHEMBL4176862.sdf
CHEMBL4516858,CHEMBL4516858,Cc1cc(C)n(C(=O)C2CC(=O)N(c3cc(C)c(S(N)(=O)=O)c(C)c3Cl)C2)n1,carbonic anhydrase,CHEMBL205,10.85,Kd,True,CHEMBL4516858.sdf
CHEMBL4473602,CHEMBL4473602,COC(=O)C1CC(=O)N(c2cc(C)c(S(N)(=O)=O)c(C)c2Cl)C1,carbonic anhydrase,CHEMBL205,10.80,Kd,True,CHEMBL4473602.sdf
CHEMBL4464359,CHEMBL4464359,Cc1cc(N2CC(C(=O)NNC(=S)Nc3ccccc3)CC2=O)c(Cl)c(C)c1S(N)(=O)=O,carbonic anhydrase,CHEMBL205,10.74,Kd,True,CHEMBL4464359.sdf
CHEMBL4170371,CHEMBL4170371,COCCNC(=O)c1cc(S(N)(=O)=O)c(Cl)cc1NCc1ccccc1,carbonic anhydrase,CHEMBL205,10.74,Kd,True,CHEMBL4170371.sdf
CHEMBL4539340,CHEMBL4539340,Cc1cc(N2CC(c3n[nH]c(=S)n3-c3ccccc3)CC2=O)c(Cl)c(C)c1S(N)(=O)=O,carbonic anhydrase,CHEMBL205,10.74,Kd,True,CHEMBL4539340.sdf
CHEMBL3608889,CHEMBL3608889,NS(=O)(=O)c1ccc(-c2cnc(C(=O)N3CCOCC3)o2)s1,carbonic anhydrase,CHEMBL205,10.70,Ki,True,CHEMBL3608889.sdf
CHEMBL4558287,CHEMBL4558287,NS(=O)(=O)c1cc(C(=O)NCCCO)c(S(=O)(=O)C2CCCCC2)cc1Cl,carbonic anhydrase,CHEMBL205,10.70,Kd,True,CHEMBL4558287.sdf
CHEMBL4574321,CHEMBL4574321,CCCCNC(=O)c1cc(S(N)(=O)=O)c(Cl)cc1Sc1ccccc1,carbonic anhydrase,CHEMBL205,10.70,Kd,True,CHEMBL4574321.sdf
CHEMBL4475073,CHEMBL4475073,NS(=O)(=O)c1cc(C(=O)NCCCO)c(SC2CCCCC2)cc1Cl,carbonic anhydrase,CHEMBL205,10.70,Kd,True,CHEMBL4475073.sdf
CHEMBL4475496,CHEMBL4475496,NS(=O)(=O)c1cc(C(=O)NCCCO)c(Sc2ccccc2)cc1Cl,carbonic anhydrase,CHEMBL205,10.70,Kd,True,CHEMBL4475496.sdf
CHEMBL3407558,CHEMBL3407558,COc1cc(NC(=O)C[C@@]2(C)C[C@H](c3cccc(Cl)c3)[C@@H](c3ccc(Cl)cc3)N([C@H](CS(=O)(=O)C(C)(C)C)C3CC3)C2=O)ccc1C(=O)O,CYP450,CHEMBL340,10.30,IC50,True,CHEMBL3407558.sdf
CHEMBL3125537,CHEMBL3125537,CC(C)(C)S(=O)(=O)C[C@H](C1CC1)N1C(=O)[C@@](C)(CC(=O)O)C[C@H](c2cccc(Cl)c2)[C@H]1c1ccc(Cl)cc1,CYP450,CHEMBL340,10.02,IC50,True,CHEMBL3125537.sdf
CHEMBL3407554,CHEMBL3407554,CC(C)(C)S(=O)(=O)C[C@H](C1CC1)N1C(=O)[C@@](C)(CC(=O)O)C[C@H](c2cccc(Cl)c2)[C@H]1c1ccc(Cl)c(F)c1,CYP450,CHEMBL340,9.99,IC50,True,CHEMBL3407554.sdf
CHEMBL3407575,CHEMBL3407575,COc1cc(NC(=O)C[C@@]2(C)C[C@H](c3cccc(Cl)c3)[C@@H](c3ccc(Cl)c(F)c3)N([C@H](CS(=O)(=O)C(C)(C)C)C3CC3)C2=O)ccc1C(=O)O,CYP450,CHEMBL340,9.48,IC50,True,CHEMBL3407575.sdf
CHEMBL3236364,CHEMBL3236364,CC(C)(C)S(=O)(=O)C[C@H](C1CC1)N1C(=O)[C@@](C)(CC(N)=O)C[C@H](c2cccc(Cl)c2)[C@H]1c1ccc(Cl)cc1,CYP450,CHEMBL340,8.74,IC50,True,CHEMBL3236364.sdf
KETOCONAZOLE,CHEMBL157101,CC(=O)N1CCN(c2ccc(OCC3COC(Cn4ccnc4)(c4ccc(Cl)cc4Cl)O3)cc2)CC1,CYP450,CHEMBL340,7.92,IC50,True,CHEMBL157101.sdf
RITONAVIR,CHEMBL163,CC(C)c1nc(CN(C)C(=O)N[C@H](C(=O)N[C@@H](Cc2ccccc2)C[C@H](O)[C@H](Cc2ccccc2)NC(=O)OCc2cncs2)C(C)C)cs1,CYP450,CHEMBL340,7.80,IC50,True,CHEMBL163.sdf
CLOTRIMAZOLE,CHEMBL104,Clc1ccccc1C(c1ccccc1)(c1ccccc1)n1ccnc1,CYP450,CHEMBL340,7.80,IC50,True,CHEMBL104.sdf
APREPITANT,CHEMBL1471,C[C@@H](O[C@H]1OCCN(Cc2n[nH]c(=O)[nH]2)[C@H]1c1ccc(F)cc1)c1cc(C(F)(F)F)cc(C(F)(F)F)c1,CYP450,CHEMBL340,7.70,IC50,True,CHEMBL1471.sdf
ECONAZOLE,CHEMBL808,Clc1ccc(COC(Cn2ccnc2)c2ccc(Cl)cc2Cl)cc1,CYP450,CHEMBL340,7.30,IC50,True,CHEMBL808.sdf
SULCONAZOLE,CHEMBL1221,Clc1ccc(CSC(Cn2ccnc2)c2ccc(Cl)cc2Cl)cc1,CYP450,CHEMBL340,7.16,IC50,True,CHEMBL1221.sdf
OXICONAZOLE,CHEMBL1262,Clc1ccc(CO/N=C(\Cn2ccnc2)c2ccc(Cl)cc2Cl)c(Cl)c1,CYP450,CHEMBL340,7.05,IC50,True,CHEMBL1262.sdf
CLIMBAZOLE,CHEMBL1437764,CC(C)(C)C(=O)C(Oc1ccc(Cl)cc1)n1ccnc1,CYP450,CHEMBL340,7.00,IC50,True,CHEMBL1437764.sdf
MICONAZOLE,CHEMBL91,Clc1ccc(COC(Cn2ccnc2)c2ccc(Cl)cc2Cl)c(Cl)c1,CYP450,CHEMBL340,7.00,IC50,True,CHEMBL91.sdf
CHEMBL3672583,CHEMBL3672583,CC(C)c1nc(CN(C)C(=O)N2CCC[C@@H]2C(=O)N[C@H](CC[C@H](Cc2ccccc2)NC(=O)OCc2cncs2)Cc2ccccc2)cs1,CYP450,CHEMBL340,6.96,IC50,True,CHEMBL3672583.sdf
CHEMBL5785788,CHEMBL5785788,CC(C(c1ccc(Nc2nc3ccccc3s2)cc1)n1ccnc1)N(C)C,CYP450,CHEMBL340,6.92,IC50,True,CHEMBL5785788.sdf
CHEMBL3672574,CHEMBL3672574,CC(C)c1nc(CN(C)C(=O)N2C[C@H](O)C[C@H]2C(=O)N[C@@H](CC[C@@H](Cc2ccccc2)NC(=O)OCc2cncs2)Cc2ccccc2)cs1,CYP450,CHEMBL340,6.92,IC50,True,CHEMBL3672574.sdf
CHEMBL3672579,CHEMBL3672579,CC(C)c1nc(CN(C)C(=O)N2C[C@@H](N3CCOCC3)C[C@H]2C(=O)N[C@H](CC[C@H](Cc2ccccc2)NC(=O)OCc2cncs2)Cc2ccccc2)cs1,CYP450,CHEMBL340,6.92,IC50,True,CHEMBL3672579.sdf
CHEMBL3672582,CHEMBL3672582,CC(C)c1nc(CN(C)C(=O)N2CCC[C@H]2C(=O)N[C@H](CC[C@H](Cc2ccccc2)NC(=O)OCc2cncs2)Cc2ccccc2)cs1,CYP450,CHEMBL340,6.89,IC50,True,CHEMBL3672582.sdf
TAZAROTENIC ACID,CHEMBL1201375,CC1(C)CCSc2ccc(C#Cc3ccc(C(=O)O)cn3)cc21,CYP450,CHEMBL340,6.85,IC50,True,CHEMBL1201375.sdf
SIROLIMUS,CHEMBL413,CO[C@H]1C[C@@H]2CC[C@@H](C)[C@@](O)(O2)C(=O)C(=O)N2CCCC[C@H]2C(=O)O[C@H]([C@H](C)C[C@@H]2CC[C@@H](O)[C@H](OC)C2)CC(=O)[C@H](C)/C=C(\C)[C@@H](O)[C@@H](OC)C(=O)[C@H](C)C[C@H](C)/C=C/C=C/C=C/1C,mTOR,CHEMBL2842,10.30,IC50,True,CHEMBL413.sdf
CHEMBL3645910,CHEMBL3645910,CCc1ncnc(-c2cc(F)c(C(=O)N3CCN4CCC[C@H]4C3)c(Cl)c2)c1C#Cc1ccc(N)nc1,mTOR,CHEMBL2842,10.15,IC50,True,CHEMBL3645910.sdf
CHEMBL558955,CHEMBL558955,COC(=O)N1CCC(n2ncc3c(N4CCOCC4)nc(-c4ccc(NC(=O)Nc5ccc(CO)cc5)cc4)nc32)CC1,mTOR,CHEMBL2842,10.10,IC50,True,CHEMBL558955.sdf
SAPANISERTIB,CHEMBL3545097,CC(C)n1nc(-c2ccc3oc(N)nc3c2)c2c(N)ncnc21,mTOR,CHEMBL2842,10.04,Kd,True,CHEMBL3545097.sdf
CHEMBL1098245,CHEMBL1098245,COC(=O)N1CCC(n2ncc3c(N4CCOCC4)nc(-c4ccc(NC(=O)Nc5ccc(CCO)cc5)cc4)nc32)CC1,mTOR,CHEMBL2842,10.00,IC50,True,CHEMBL1098245.sdf
CHEMBL566004,CHEMBL566004,CCn1ncc2c(N3CC4CCC(C3)O4)nc(-c3ccc(NC(=O)Nc4cccnc4)cc3)nc21,mTOR,CHEMBL2842,10.00,IC50,True,CHEMBL566004.sdf
CHEMBL1091714,CHEMBL1091714,C[C@@H]1COCCN1c1nc(-c2ccc(NC(=O)Nc3ccc(C(=O)NCCN(C)C)cc3)cc2)nc(N2C3CCC2COC3)n1,mTOR,CHEMBL2842,10.00,IC50,True,CHEMBL1091714.sdf
CHEMBL585480,CHEMBL585480,CCn1ncc2c(N3CC4CCC(C3)O4)nc(-c3ccc(NC(=O)Nc4ccc(CCO)cc4)cc3)nc21,mTOR,CHEMBL2842,10.00,IC50,True,CHEMBL585480.sdf
CHEMBL566216,CHEMBL566216,CCn1ncc2c(N3CC4CCC(C3)O4)nc(-c3ccc(NC(=O)Nc4ccc(CO)cc4)cc3)nc21,mTOR,CHEMBL2842,10.00,IC50,True,CHEMBL566216.sdf
CHEMBL573157,CHEMBL573157,COC(=O)N1CCC(n2ncc3c(N4CC5CCC(C4)O5)nc(-c4ccc(NC(=O)Nc5cccnc5)cc4)nc32)CC1,mTOR,CHEMBL2842,9.96,IC50,True,CHEMBL573157.sdf
CHEMBL3681183,CHEMBL3681183,Cn1c(=O)n([C@H]2CC[C@H](O)CC2)c2c3nc(-c4cnc5[nH]ncc5c4)ccc3ncc21,mTOR,CHEMBL2842,9.93,Ki,True,CHEMBL3681183.sdf
CHEMBL600368,CHEMBL600368,O=C(Nc1ccc(-c2nc(N3CC4CCC(C3)O4)c3cnn(C4CCC5(CC4)OCCO5)c3n2)cc1)Nc1cccnc1,mTOR,CHEMBL2842,9.92,IC50,True,CHEMBL600368.sdf
CHEMBL604123,CHEMBL604123,CNC(=O)Nc1ccc(-c2nc(N3CC4CCC(C3)O4)c3cnn(C(C)C)c3n2)cc1,mTOR,CHEMBL2842,9.92,IC50,True,CHEMBL604123.sdf
CHEMBL600367,CHEMBL600367,O=C(Nc1ccncc1)Nc1ccc(-c2nc(N3CC4CCC(C3)O4)c3cnn(C4CCC5(CC4)OCCO5)c3n2)cc1,mTOR,CHEMBL2842,9.92,IC50,True,CHEMBL600367.sdf
AZD-8055,CHEMBL1801204,COc1ccc(-c2ccc3c(N4CCOC[C@@H]4C)nc(N4CCOC[C@@H]4C)nc3n2)cc1CO,mTOR,CHEMBL2842,9.89,IC50,True,CHEMBL1801204.sdf
CHEMBL1091358,CHEMBL1091358,CN(C)CCNC(=O)c1ccc(NC(=O)Nc2ccc(-c3nc(C4CCOCC4)nc(N4C5CCC4COC5)n3)cc2)cc1,mTOR,CHEMBL2842,9.85,IC50,True,CHEMBL1091358.sdf
VISTUSERTIB,CHEMBL2336325,CNC(=O)c1cccc(-c2ccc3c(N4CCOC[C@@H]4C)nc(N4CCOC[C@@H]4C)nc3n2)c1,mTOR,CHEMBL2842,9.85,IC50,True,CHEMBL2336325.sdf
CHEMBL3693444,CHEMBL3693444,COc1ccc(-c2ccc3c(N4CCOC[C@@H]4C)nc(N4CCOC[C@@H]4C)nc3n2)cc1C(=O)O,mTOR,CHEMBL2842,9.82,IC50,True,CHEMBL3693444.sdf
CHEMBL573202,CHEMBL573202,COC(=O)N1CCC(n2ncc3c(N4C5CCC4COC5)nc(-c4ccc(NC(=O)Nc5cccnc5)cc4)nc32)CC1,mTOR,CHEMBL2842,9.80,IC50,True,CHEMBL573202.sdf
CHEMBL600366,CHEMBL600366,O=C(Nc1ccccc1)Nc1ccc(-c2nc(N3CC4CCC(C3)O4)c3cnn(C4CCC5(CC4)OCCO5)c3n2)cc1,mTOR,CHEMBL2842,9.80,IC50,False,
CHEMBL2204317,CHEMBL2204317,COc1cc2nc(-c3ccccc3)cc3c2cc1/C=C/CC(C)(C)COC(=O)N[C@H]1CCCCC/C=C\[C@@H]2C[C@@]2(C(=O)NS(=O)(=O)C2CC2)NC(=O)[C@@H]2C[C@H](CN2C1=O)O3,tubulin,CHEMBL379,10.54,Ki,True,CHEMBL2204317.sdf
CHEMBL1672587,CHEMBL1672587,C=C[C@@H]1C[C@]1(NC(=O)[C@@H]1C[C@@H]2CN1C(=O)[C@H](C(C)(C)C)NC(=O)OCCC/C=C/c1ccc3ccnc(c3c1)O2)C(=O)NS(=O)(=O)C1CC1,tubulin,CHEMBL379,10.40,Ki,False,
CHEMBL574134,CHEMBL574134,C=C[C@@H]1C[C@]1(NC(=O)[C@@H]1C[C@@H]2CN1C(=O)[C@H]([C@@H](C)CC)Nc1nc(cs1)CCC/C=C/c1cccc3c1CN(C3)C(=O)O2)C(=O)NS(=O)(=O)C1CC1.O=C(O)C(F)(F)F,tubulin,CHEMBL379,10.40,Ki,True,CHEMBL574134.sdf
CHEMBL556318,CHEMBL556318,C=C[C@@H]1C[C@]1(NC(=O)[C@@H]1C[C@@H]2CN1C(=O)[C@H](C(C)C)NC(=O)OCCC/C=C/c1cccc3c1CN(C3)C(=O)O2)C(=O)NS(=O)(=O)C1CC1,tubulin,CHEMBL379,10.40,Ki,True,CHEMBL556318.sdf
CHEMBL584578,CHEMBL584578,C=C[C@@H]1C[C@]1(NC(=O)[C@@H]1C[C@@H]2CN1C(=O)[C@H](C1CCCCC1)Nc1nc(cs1)CCC/C=C/c1cccc3c1CN(C3)C(=O)O2)C(=O)NS(=O)(=O)C1CC1.O=C(O)C(F)(F)F,tubulin,CHEMBL379,10.40,Ki,True,CHEMBL584578.sdf
CHEMBL555273,CHEMBL555273,C=C[C@@H]1C[C@]1(NC(=O)[C@@H]1C[C@@H]2CN1C(=O)[C@H](C1CCCCC1)N[C@H](C)CCCCCCc1cccc3c1CN(C3)C(=O)O2)C(=O)NS(=O)(=O)C1CC1,tubulin,CHEMBL379,10.22,Ki,True,CHEMBL555273.sdf
VANIPREVIR,CHEMBL4525964,CC[C@@H]1C[C@]1(NC(=O)[C@@H]1C[C@@H]2CN1C(=O)[C@H](C(C)(C)C)NC(=O)OCC(C)(C)CCCCc1cccc3c1CN(C3)C(=O)O2)C(=O)NS(=O)(=O)C1CC1,tubulin,CHEMBL379,10.22,Ki,True,CHEMBL4525964.sdf
CHEMBL555275,CHEMBL555275,C=C[C@@H]1C[C@]1(N[C@@H]1C[C@@H](Oc2cc(-c3csc(NC(C)C)n3)nc3cc(OC)ccc23)CN1C(=O)[C@@H](NC(=O)OC(C)(C)C)C1CCCCC1)C(=O)NS(=O)(=O)C1CC1,tubulin,CHEMBL379,10.15,Ki,True,CHEMBL555275.sdf
CHEMBL584585,CHEMBL584585,C=C[C@@H]1C[C@]1(NC(=O)[C@@H]1C[C@@H]2CN1C(=O)[C@H](C1CCCC1)Nc1nc(cs1)CCC/C=C/c1cccc3c1CN(C3)C(=O)O2)C(=O)NS(=O)(=O)C1CC1.O=C(O)C(F)(F)F,tubulin,CHEMBL379,10.10,Ki,True,CHEMBL584585.sdf
GS-9256,CHEMBL1956820,COc1ccc2c(O[C@@H]3C[C@H]4C(=O)N[C@]5(P(=O)(O)Cc6c(F)cccc6F)C[C@H]5CCCCCCC[C@H](NC(=O)OC5CCCC5)C(=O)N4C3)cc(-c3csc(NC(C)C)n3)nc2c1Cl,tubulin,CHEMBL379,10.05,Ki,True,CHEMBL1956820.sdf
CHEMBL553246,CHEMBL553246,C=C[C@@H]1C[C@]1(NC(=O)[C@@H]1C[C@@H]2CN1C(=O)[C@H](C1CCCC1)N[C@H](C)CCCCCCc1cccc3c1CN(C3)C(=O)O2)C(=O)NS(=O)(=O)C1CC1,tubulin,CHEMBL379,10.00,Ki,True,CHEMBL553246.sdf
CHEMBL558755,CHEMBL558755,C=C[C@@H]1C[C@]1(N[C@@H]1C[C@@H]2CN1C(=O)[C@H](C1CCCCC1)NCCCCCCCc1cc3c(cc(-c4ccccc4)nc3cc1OC)O2)C(=O)NS(=O)(=O)C1CC1,tubulin,CHEMBL379,9.96,Ki,True,CHEMBL558755.sdf
CHEMBL553176,CHEMBL553176,C=C[C@@H]1C[C@]1(N[C@@H]1C[C@@H]2CN1C(=O)[C@H](C1CCCCC1)NCCCC(C)(C)C/C=C/c1cc3c(cc(-c4ccccc4)nc3cc1OC)O2)C(=O)NS(=O)(=O)C1CC1,tubulin,CHEMBL379,9.92,Ki,True,CHEMBL553176.sdf
CHEMBL573910,CHEMBL573910,C=C[C@@H]1C[C@]1(NC(=O)[C@@H]1C[C@@H]2CN1C(=O)[C@H](C(C)C)Nc1nc(cs1)CCC/C=C/c1cccc3c1CN(C3)C(=O)O2)C(=O)NS(=O)(=O)C1CC1.O=C(O)C(F)(F)F,tubulin,CHEMBL379,9.80,Ki,True,CHEMBL573910.sdf
CHEMBL1744375,CHEMBL1744375,C=C[C@@H]1C[C@]1(NC(=O)[C@@H]1C[C@@H]2CN1C(=O)[C@H](C(C)(C)C)Nc1nc(cs1)CCCCCc1cccc3c1CN(C3)C(=O)O2)C(=O)NS(=O)(=O)C1CC1.O=C(O)C(F)(F)F,tubulin,CHEMBL379,9.80,Ki,True,CHEMBL1744375.sdf
CHEMBL555140,CHEMBL555140,C=C[C@@H]1C[C@]1(N[C@@H]1C[C@@H]2CN1C(=O)[C@H](C1CCCCC1)NCCCCC/C=C/c1cc3c(cc(-c4ccccc4)nc3cc1OC)O2)C(=O)NS(=O)(=O)C1CC1,tubulin,CHEMBL379,9.80,Ki,True,CHEMBL555140.sdf
CHEMBL584584,CHEMBL584584,CC[C@@H]1C[C@]1(NC(=O)[C@@H]1C[C@@H]2CN1C(=O)[C@H](C1CCCCC1)Nc1nc(cs1)CCC/C=C/c1cccc3c1CN(C3)C(=O)O2)C(=O)NS(=O)(=O)C1CC1.O=C(O)C(F)(F)F,tubulin,CHEMBL379,9.80,Ki,True,CHEMBL584584.sdf
CHEMBL573912,CHEMBL573912,C=C[C@@H]1C[C@]1(NC(=O)[C@@H]1C[C@@H]2CN1C(=O)[C@H](C(C)(C)C)Nc1nc(cs1)CCC/C=C/c1cccc3c1CN(C3)C(=O)O2)C(=O)NS(=O)(=O)C1CC1.O=C(O)C(F)(F)F,tubulin,CHEMBL379,9.80,Ki,True,CHEMBL573912.sdf
DANOPREVIR,CHEMBL258734,CC(C)(C)OC(=O)N[C@H]1CCCCC/C=C\[C@@H]2C[C@@]2(C(=O)NS(=O)(=O)C2CC2)NC(=O)[C@@H]2C[C@@H](OC(=O)N3Cc4cccc(F)c4C3)CN2C1=O,tubulin,CHEMBL379,9.70,IC50,True,CHEMBL258734.sdf
CHEMBL584166,CHEMBL584166,C=C[C@@H]1C[C@]1(NC(=O)[C@@H]1C[C@@H]2CN1C(=O)[C@H](C(C)(C)C)NC(=O)OCCCCCc1ccc3ccnc(c3c1)O2)C(=O)NS(=O)(=O)C1CC1,tubulin,CHEMBL379,9.70,Ki,True,CHEMBL584166.sdf
CHEMBL5271774,CHEMBL5271774,Cc1c(C(=O)CC(C#N)C#N)c(=O)n(-c2ccccc2)n1C,MAO,CHEMBL1951,10.85,Ki,False,
CHEMBL5270226,CHEMBL5270226,C=CCNC(=S)N1N=C(c2ccc(C)cc2)CC1c1ccc(F)cc1,MAO,CHEMBL1951,10.00,Ki,False,
CHEMBL5282135,CHEMBL5282135,Cc1ccc(C2=NN(C(=S)Nc3ccccc3)C(c3ccc(F)cc3)C2)cc1,MAO,CHEMBL1951,10.00,Ki,False,
CHEMBL5284128,CHEMBL5284128,C=CCNC(=S)N1N=C(c2ccc(OC)cc2)CC1c1ccc(F)cc1,MAO,CHEMBL1951,10.00,Ki,False,
CHEMBL5290358,CHEMBL5290358,C=CCNC(=S)N1N=C(c2ccc(Cl)cc2)CC1c1ccc(F)cc1,MAO,CHEMBL1951,10.00,Ki,False,
CHEMBL5275680,CHEMBL5275680,C=CCNC(=S)N1N=C(c2ccccc2)CC1c1ccc(F)cc1,MAO,CHEMBL1951,10.00,Ki,False,
CHEMBL5269241,CHEMBL5269241,CNC(=S)N1N=C(c2ccccc2)CC1c1ccc(F)cc1,MAO,CHEMBL1951,10.00,Ki,False,
CHEMBL5284012,CHEMBL5284012,Fc1ccc(C2CC(c3ccc(Cl)cc3)=NN2C(=S)Nc2ccccc2)cc1,MAO,CHEMBL1951,10.00,Ki,False,
CHEMBL5273835,CHEMBL5273835,COc1ccc(C2=NN(C(=S)Nc3ccccc3)C(c3ccc(F)cc3)C2)cc1,MAO,CHEMBL1951,10.00,Ki,False,
CHEMBL5283319,CHEMBL5283319,CNC(=S)N1N=C(c2ccc(Cl)cc2)CC1c1ccc(F)cc1,MAO,CHEMBL1951,10.00,Ki,False,
CHEMBL5268306,CHEMBL5268306,Fc1ccc(C2CC(c3ccccc3)=NN2C(=S)Nc2ccccc2)cc1,MAO,CHEMBL1951,10.00,Ki,False,
CHEMBL5271570,CHEMBL5271570,CCNC(=S)N1N=C(c2ccc(OC)cc2)CC1c1ccc(F)cc1,MAO,CHEMBL1951,10.00,Ki,False,
CHEMBL5272772,CHEMBL5272772,CCNC(=S)N1N=C(c2ccc(C)cc2)CC1c1ccc(F)cc1,MAO,CHEMBL1951,10.00,Ki,False,
CHEMBL5280524,CHEMBL5280524,CCNC(=S)N1N=C(c2ccc(Cl)cc2)CC1c1ccc(F)cc1,MAO,CHEMBL1951,10.00,Ki,False,
CHEMBL5276967,CHEMBL5276967,CNC(=S)N1N=C(c2ccc(C)cc2)CC1c1ccc(F)cc1,MAO,CHEMBL1951,10.00,Ki,False,
CHEMBL5272518,CHEMBL5272518,CNC(=S)N1N=C(c2ccc(OC)cc2)CC1c1ccc(F)cc1,MAO,CHEMBL1951,10.00,Ki,False,
CHEMBL209413,CHEMBL209413,COc1ccc2c(c1)-c1nnc(-c3cccc(C(F)(F)F)c3)cc1C2=O,MAO,CHEMBL1951,10.00,IC50,False,
CHEMBL5291452,CHEMBL5291452,CCNC(=S)N1N=C(c2ccccc2)CC1c1ccc(F)cc1,MAO,CHEMBL1951,10.00,Ki,False,
CHEMBL1929421,CHEMBL1929421,C#CCN(C)Cc1cc2cc(OCCCC3CCN(Cc4ccccc4)CC3)ccc2n1C,MAO,CHEMBL1951,9.57,IC50,False,
CLORGILINE,CHEMBL8706,C#CCN(C)CCCOc1ccc(Cl)cc1Cl,MAO,CHEMBL1951,9.52,Ki,False,
OPICAPONE,CHEMBL1089318,Cc1c(Cl)c(C)[n+]([O-])c(Cl)c1-c1noc(-c2cc(O)c(O)c([N+](=O)[O-])c2)n1,COMT,CHEMBL2023,9.00,Ki,False,
CHEMBL1091204,CHEMBL1091204,CC(C)OC(=O)c1sc2c([N+](=O)[O-])c(O)c(O)cc2c1Cl,COMT,CHEMBL2023,8.96,Ki,False,
CHEMBL1089630,CHEMBL1089630,CCCCOC(=O)c1sc2c([N+](=O)[O-])c(O)c(O)cc2c1Cl,COMT,CHEMBL2023,8.89,Ki,False,
CHEMBL1091983,CHEMBL1091983,O=C(OCc1coc(=O)o1)c1sc2c([N+](=O)[O-])c(O)c(O)cc2c1Cl,COMT,CHEMBL2023,8.80,Ki,False,
CHEMBL4167128,CHEMBL4167128,O=S(=O)(c1cc(F)c(O)c2ncccc12)C1CCCC1,COMT,CHEMBL2023,8.70,IC50,False,
CHEMBL4174978,CHEMBL4174978,O=S(=O)(c1ccc(O)c2ncccc12)N1CCCC1Cc1ccccc1,COMT,CHEMBL2023,8.70,IC50,False,
CHEMBL1089504,CHEMBL1089504,COC(=O)c1sc2c([N+](=O)[O-])c(O)c(O)cc2c1Cl,COMT,CHEMBL2023,8.66,Ki,False,
CHEMBL4170443,CHEMBL4170443,O=S(=O)(c1ccc(O)c2ncccc12)N1CCC(c2ccc(F)cc2)C1,COMT,CHEMBL2023,8.50,IC50,False,
CHEMBL4172614,CHEMBL4172614,O=S(=O)(c1cc(F)c(O)c2ncccc12)N1CCCC1,COMT,CHEMBL2023,8.40,IC50,False,
CHEMBL4171117,CHEMBL4171117,O=S(=O)(c1ccc(F)cc1)c1cc(F)c(O)c2ncccc12,COMT,CHEMBL2023,8.40,IC50,False,
CHEMBL1091982,CHEMBL1091982,CC(C)C(N)C(=O)OCOC(=O)c1sc2c([N+](=O)[O-])c(O)c(O)cc2c1Cl,COMT,CHEMBL2023,8.22,Ki,False,
CHEMBL4169861,CHEMBL4169861,O=S(=O)(c1ccc(O)c2ncccc12)C1CCCC1,COMT,CHEMBL2023,8.20,IC50,False,
CHEMBL4177089,CHEMBL4177089,Cc1ccc(S(=O)(=O)c2cc(F)c(O)c3ncccc23)cc1,COMT,CHEMBL2023,8.20,IC50,False,
CHEMBL4462175,CHEMBL4462175,Cc1cccc(C)c1CN1CCn2cc(O)c(=O)cc2C1,COMT,CHEMBL2023,8.20,IC50,False,
CHEMBL4160303,CHEMBL4160303,O=S(=O)(c1ccc(O)c2ncccc12)N1CCCC1,COMT,CHEMBL2023,8.10,IC50,False,
CHEMBL1089505,CHEMBL1089505,CCCOC(=O)c1sc2c([N+](=O)[O-])c(O)c(O)cc2c1Cl,COMT,CHEMBL2023,8.04,Ki,False,
CHEMBL4163421,CHEMBL4163421,O=S(=O)(c1cc(Cl)c(O)c2ncccc12)N1CCCC1,COMT,CHEMBL2023,8.00,IC50,False,
CHEMBL4470211,CHEMBL4470211,O=c1cc2n(cc1O)CCN(Cc1c(Cl)cccc1Cl)C2,COMT,CHEMBL2023,8.00,IC50,False,
CHEMBL4461693,CHEMBL4461693,O=c1cc2n(cc1O)CCN(Cc1ccc(Cl)cc1Cl)C2,COMT,CHEMBL2023,8.00,IC50,False,
CHEMBL1089536,CHEMBL1089536,O=C(OCc1ccccc1)c1sc2c([N+](=O)[O-])c(O)c(O)cc2c1Cl,COMT,CHEMBL2023,7.99,Ki,False,
CHEMBL440125,CHEMBL440125,COc1ccc(-c2c3c(cc4cc5c(cc24)OCO5)C(=O)OC3)cc1OC,topoisomerase,CHEMBL1806,9.68,IC50,False,
NEMORUBICIN,CHEMBL1232279,COc1cccc2c1C(=O)c1c(O)c3c(c(O)c1C2=O)C[C@@](O)(C(=O)CO)C[C@@H]3O[C@H]1C[C@H](N2CCO[C@H](OC)C2)[C@H](O)[C@H](C)O1,topoisomerase,CHEMBL1806,8.82,IC50,False,
IDARUBICIN,CHEMBL1117,CC(=O)[C@]1(O)Cc2c(O)c3c(c(O)c2[C@@H](O[C@H]2C[C@H](N)[C@H](O)[C@H](C)O2)C1)C(=O)c1ccccc1C3=O,topoisomerase,CHEMBL1806,8.59,IC50,False,
EPIRUBICIN,CHEMBL417,COc1cccc2c1C(=O)c1c(O)c3c(c(O)c1C2=O)C[C@@](O)(C(=O)CO)C[C@@H]3O[C@H]1C[C@H](N)[C@@H](O)[C@H](C)O1,topoisomerase,CHEMBL1806,8.52,IC50,False,
DOXORUBICIN,CHEMBL53463,COc1cccc2c1C(=O)c1c(O)c3c(c(O)c1C2=O)C[C@@](O)(C(=O)CO)C[C@@H]3O[C@H]1C[C@H](N)[C@H](O)[C@H](C)O1,topoisomerase,CHEMBL1806,8.31,IC50,False,
DAUNORUBICIN,CHEMBL178,COc1cccc2c1C(=O)c1c(O)c3c(c(O)c1C2=O)C[C@@](O)(C(C)=O)C[C@@H]3O[C@H]1C[C@H](N)[C@H](O)[C@H](C)O1,topoisomerase,CHEMBL1806,8.00,IC50,False,
CHEMBL3752910,CHEMBL3752910,Cc1ccc(C(=O)Nc2cccc(C(F)(F)F)c2)cc1Nc1nc(-c2cccnc2)nc2c1cnn2C,topoisomerase,CHEMBL1806,7.27,Kd,False,
CHEMBL5653589,CHEMBL5653589,Cc1ccc(C(=O)Nc2cccc(C(F)(F)F)c2)cc1Nc1nc(-c2cccnc2)nc2nn(C)cc12,topoisomerase,CHEMBL1806,7.25,Kd,False,
CHEMBL346068,CHEMBL346068,N[C@@H]1CCN(c2c(F)cc3c(=O)c(C(=O)O)cn4c3c2Oc2c-4ccc3c2ccc2ccccc23)C1,topoisomerase,CHEMBL1806,7.22,IC50,False,
DECERNOTINIB,CHEMBL3039513,CC[C@@](C)(Nc1ccnc(-c2c[nH]c3ncccc23)n1)C(=O)NCC(F)(F)F,topoisomerase,CHEMBL1806,7.19,Kd,False,
CHEMBL2296491,CHEMBL2296491,CCC(=O)NCCC1=C(SC)C(=O)c2nccc3c2c1nc1ccccc13,topoisomerase,CHEMBL1806,7.12,IC50,False,
CHEMBL2296492,CHEMBL2296492,COc1cc(CCNC(=O)C=C(C)C)c2c3c(ccnc13)-c1ccccc1N2,topoisomerase,CHEMBL1806,6.90,IC50,False,
CHEMBL2296490,CHEMBL2296490,COC1=C(CCNC(C)=O)c2nc3ccccc3c3ccnc(c23)C1=O,topoisomerase,CHEMBL1806,6.88,IC50,False,
CHEMBL4463643,CHEMBL4463643,CC(=O)Nc1ccc2c(-c3cc4ccccc4o3)ccnc2c1O,topoisomerase,CHEMBL1806,6.70,IC50,False,
CHEMBL2260090,CHEMBL2260090,COc1cc(/C=C/C(=O)CC(=O)/C=C/c2ccc(OC(=O)CNCCCl)c(OC)c2)ccc1OC(=O)CNCCCl,topoisomerase,CHEMBL1806,6.46,IC50,False,
MYRICETIN,CHEMBL164,O=c1c(O)c(-c2cc(O)c(O)c(O)c2)oc2cc(O)cc(O)c12,topoisomerase,CHEMBL1806,6.41,IC50,False,
ACONITINE,CHEMBL5314360,CCN1C[C@]2(COC)[C@H](O)C[C@H](OC)[C@@]34[C@@H]5C[C@@]6(O)[C@H](OC(=O)c7ccccc7)[C@@H]5[C@@](OC(C)=O)([C@@H]([C@H](OC)[C@H]23)[C@@H]14)[C@@H](O)[C@@H]6OC,topoisomerase,CHEMBL1806,6.40,IC50,False,
AXL-1717,CHEMBL283120,COc1cc([C@@H]2c3cc4c(cc3[C@H](O)[C@H]3COC(=O)[C@@H]23)OCO4)cc(OC)c1OC,topoisomerase,CHEMBL1806,6.31,Kd,False,
CHEMBL2296496,CHEMBL2296496,C/C=C(\C)C(=O)C(CNCC=O)C1=CC(=O)c2nccc3c2c1nc1ccccc13,topoisomerase,CHEMBL1806,6.23,IC50,False,
CHEMBL2296497,CHEMBL2296497,CC(C)=CC(=O)C(CNCC=O)C1=CC(=O)c2nccc3c2c1nc1ccccc13,topoisomerase,CHEMBL1806,6.23,IC50,False,
CHEMBL5911881,CHEMBL5911881,CN(C)CCSc1nc(O)c(C(=O)Nc2ccc(-c3c[nH]nn3)cc2)c(=O)[nH]1,xanthine oxidase,CHEMBL1929,10.82,IC50,False,
CHEMBL5395750,CHEMBL5395750,CSc1nc(O)c(C(=O)Nc2ccc(-c3cnn[nH]3)cn2)c(=O)[nH]1,xanthine oxidase,CHEMBL1929,10.70,IC50,False,
CHEMBL5893388,CHEMBL5893388,CSc1nc(O)c(C(=O)Nc2ccc(-c3c[nH]nn3)cc2Cl)c(=O)[nH]1,xanthine oxidase,CHEMBL1929,10.54,IC50,False,
CHEMBL5753958,CHEMBL5753958,CC(C)CSc1nc(O)c(C(=O)Nc2ccc(-c3c[nH]nn3)cc2)c(=O)[nH]1,xanthine oxidase,CHEMBL1929,10.40,IC50,False,
CHEMBL5765459,CHEMBL5765459,CSc1nc(O)c(C(=O)Nc2ccc(-c3c[nH]nn3)cc2C#N)c(=O)[nH]1,xanthine oxidase,CHEMBL1929,10.40,IC50,False,
CHEMBL5886087,CHEMBL5886087,CSc1nc(O)c(C(=O)Nc2ccc(-c3c[nH]nn3)cc2OC(F)(F)F)c(=O)[nH]1,xanthine oxidase,CHEMBL1929,10.22,IC50,False,
CHEMBL5919922,CHEMBL5919922,CSc1nc(O)c(C(=O)Nc2ccc(-c3c[nH]nn3)cc2OC(F)F)c(=O)[nH]1,xanthine oxidase,CHEMBL1929,10.22,IC50,False,
CHEMBL5765233,CHEMBL5765233,CSc1nc(O)c(C(=O)Nc2ncc(-c3c[nH]nn3)cc2C(F)(F)F)c(=O)[nH]1,xanthine oxidase,CHEMBL1929,10.22,IC50,False,
CHEMBL5947643,CHEMBL5947643,CSc1nc(O)c(C(=O)Nc2ccc(-c3c[nH]nn3)cc2C(F)(F)F)c(=O)[nH]1,xanthine oxidase,CHEMBL1929,10.19,IC50,False,
CHEMBL5803335,CHEMBL5803335,CC(C)Sc1nc(O)c(C(=O)Nc2ccc(-c3c[nH]nn3)cc2C(F)(F)F)c(=O)[nH]1,xanthine oxidase,CHEMBL1929,10.15,IC50,False,
CHEMBL6163117,CHEMBL6163117,CNc1ccc(C(=O)/C=C/c2cc(C(=O)O)ccc2O)cc1,xanthine oxidase,CHEMBL1929,10.14,Ki,False,
FEBUXOSTAT,CHEMBL1164729,Cc1nc(-c2ccc(OCC(C)C)c(C#N)c2)sc1C(=O)O,xanthine oxidase,CHEMBL1929,10.00,Ki,False,
CHEMBL5968055,CHEMBL5968055,CC(C)Sc1nc(O)c(C(=O)Nc2ccc(-c3c[nH]nn3)cc2F)c(=O)[nH]1,xanthine oxidase,CHEMBL1929,10.00,IC50,False,
CHEMBL6059324,CHEMBL6059324,CSc1nc(O)c(C(=O)Nc2ccc(-c3c[nH]nn3)c(F)c2F)c(=O)[nH]1,xanthine oxidase,CHEMBL1929,9.99,IC50,False,
CHEMBL6168594,CHEMBL6168594,O=C(O)c1ccc(O)c(/C=C/C(=O)c2ccc3c(c2)CCN3)c1,xanthine oxidase,CHEMBL1929,9.93,Ki,False,
CHEMBL5904234,CHEMBL5904234,CSc1nc(O)c(C(=O)Nc2ccc(-c3c[nH]nn3)cc2F)c(=O)[nH]1,xanthine oxidase,CHEMBL1929,9.92,IC50,False,
CHEMBL5795784,CHEMBL5795784,CSc1nc(O)c(C(=O)Nc2c(F)cc(-c3c[nH]nn3)cc2F)c(=O)[nH]1,xanthine oxidase,CHEMBL1929,9.74,IC50,False,
CHEMBL6028932,CHEMBL6028932,CSc1nc(O)c(C(=O)Nc2ccc3nc(-c4c[nH]nn4)ccc3c2)c(=O)[nH]1,xanthine oxidase,CHEMBL1929,9.72,IC50,False,
CHEMBL5806577,CHEMBL5806577,CCSc1nc(O)c(C(=O)Nc2ccc(-c3nn[nH]n3)cc2)c(=O)[nH]1,xanthine oxidase,CHEMBL1929,9.70,IC50,False,
CHEMBL5973769,CHEMBL5973769,CN(C)CCSc1nc(O)c(C(=O)Nc2ccc(-c3c[nH]nn3)cc2F)c(=O)[nH]1,xanthine oxidase,CHEMBL1929,9.69,IC50,False,
CHEMBL2028921,CHEMBL2028921,CC[C@H](C)[C@H](NC(=O)NNC(=O)[C@H](Cc1c[nH]cn1)NC(=O)[C@H](CC(C)C)NC(=O)[C@H](C)NC(=O)OCc1ccccc1)C(=O)N[C@H](C(=O)OC)C(C)C,cysteine protease,CHEMBL4072,10.52,Ki,False,
CHEMBL190121,CHEMBL190121,C[C@@H](CC1CCCCC1)OC(=O)NN(C)C#N,cysteine protease,CHEMBL4072,10.11,Ki,False,
CHEMBL2028907,CHEMBL2028907,CC[C@H](C)[C@H](NC(=O)NNC(=O)[C@@H](NC(=O)[C@H](CC(C)C)NC(=O)[C@H](CCCN=C(N)N)NC(=O)OCc1ccccc1)C(C)C)C(=O)N[C@H](C(=O)OC)C(C)C,cysteine protease,CHEMBL4072,10.06,Ki,False,
CHEMBL2028909,CHEMBL2028909,CC(C)C[C@H](NC(=O)[C@H](CCCN=C(N)N)NC(=O)OCc1ccccc1)C(=O)N[C@H](C(=O)NNC(=O)N[C@H](C(=O)N[C@@H](C)C(N)=O)C(C)C)C(C)C,cysteine protease,CHEMBL4072,9.92,Ki,False,
CHEMBL2028910,CHEMBL2028910,CC[C@H](C)[C@H](NC(=O)NNC(=O)[C@H](Cc1ccccc1)NC(=O)[C@H](CC(C)C)NC(=O)[C@H](C)NC(=O)OCc1ccccc1)C(=O)N[C@H](C(=O)OC)C(C)C,cysteine protease,CHEMBL4072,9.89,Ki,False,
CHEMBL2028919,CHEMBL2028919,CC[C@H](C)[C@H](NC(=O)NNC(=O)[C@H](CC(C)C)NC(=O)[C@H](CC(C)C)NC(=O)[C@H](C)NC(=O)OCc1ccccc1)C(=O)N[C@H](C(=O)NCc1ccccc1)C(C)C,cysteine protease,CHEMBL4072,9.60,Ki,False,
CHEMBL191558,CHEMBL191558,CC[C@@H](Cc1ccccc1)OC(=O)NN(C)C#N,cysteine protease,CHEMBL4072,9.60,Ki,False,
CHEMBL2028911,CHEMBL2028911,CC[C@H](C)[C@H](NC(=O)NNC(=O)[C@@H](NC(=O)[C@H](CC(C)C)NC(=O)[C@H](C)NC(=O)OCc1ccccc1)[C@@H](C)CC)C(=O)N[C@H](C(=O)OC)C(C)C,cysteine protease,CHEMBL4072,9.52,Ki,False,
CHEMBL1651361,CHEMBL1651361,CC(C)C[C@H](NC(=O)c1ccc(-c2noc(-c3cccs3)n2)cc1)C(=O)N(C)N(C)C#N,cysteine protease,CHEMBL4072,9.44,Ki,False,
CHEMBL1651353,CHEMBL1651353,CN(C#N)N(C)C(=O)[C@H](Cc1ccc(O)cc1)NC(=O)OCc1ccccc1,cysteine protease,CHEMBL4072,9.42,Ki,False,
CHEMBL3342185,CHEMBL3342185,CC(C)(C)OC(=O)NN(C#N)CC(=O)N(Cc1ccccc1)Cc1ccccc1,cysteine protease,CHEMBL4072,9.39,Ki,False,
CHEMBL608115,CHEMBL608115,CC(C)C[C@H](NC(=O)OCc1ccccc1)C(=O)N(C)N(C)C#N,cysteine protease,CHEMBL4072,9.37,Ki,False,
CHEMBL3342184,CHEMBL3342184,CN(Cc1ccccc1)C(=O)CN(C#N)NC(=O)OC(C)(C)C,cysteine protease,CHEMBL4072,9.34,Ki,False,
CHEMBL1651352,CHEMBL1651352,CN(C#N)N(C)C(=O)[C@H](CC1CCCCC1)NC(=O)OCc1ccccc1,cysteine protease,CHEMBL4072,9.32,Ki,False,
CHEMBL1651354,CHEMBL1651354,CC(C)C[C@H](NC(=O)NCc1ccccc1)C(=O)N(C)N(C)C#N,cysteine protease,CHEMBL4072,9.19,Ki,False,
CHEMBL604281,CHEMBL604281,CN(C#N)N(C)C(=O)[C@H](Cc1ccccc1)NC(=O)OCc1ccccc1,cysteine protease,CHEMBL4072,9.17,Ki,False,
CHEMBL4442025,CHEMBL4442025,CC(C)CC(NC(=O)c1ccc(-c2ccc(-c3ccccc3)cc2)cc1)C(=O)N(C)N(C)C#N,cysteine protease,CHEMBL4072,9.16,Ki,False,
CHEMBL1651351,CHEMBL1651351,CC[C@H](C)[C@H](NC(=O)OCc1ccccc1)C(=O)N(C)N(C)C#N,cysteine protease,CHEMBL4072,9.06,Ki,False,
CHEMBL314442,CHEMBL314442,CCCC[C@H](NC(=O)[C@H](CC(C)C)NC(=O)[C@H](CC(C)C)NC(C)=O)C(=O)O,cysteine protease,CHEMBL4072,9.00,Ki,False,
CHEMBL390474,CHEMBL390474,Cc1cccc(O[C@H]2CCN3C[C@H]2OC3=O)c1C,cysteine protease,CHEMBL4072,9.00,IC50,False,
